Stratum,RasterValue,Acres,Cells,Code
Aspen,1,7715.08759909463,34691,AS
Grassland,2,13225.8009153466,59470,GR
Mixed Conifer,3,12042.2173864046,54148,MC
Mixed Mountain Shrub,4,44851.4107886608,201675,MMS
Other,5,10943.1437664891,49206,OT
Pinion Juniper Woodland,6,274556.685179949,1234548,PJ
Ponderosa Pine,7,11435.9699789233,51422,PP
Riparian,8,34453.355939403,154920,RI
Sagebrush,9,170022.374405721,764508,SS
Salt Desert,10,71500.2765357987,321502,SD
